"","x"
"1",-1.11761020223019
"4",-1.11761020223019
"5",-1.11761020223019
"7",-0.405962377856599
"9",1.55765847087793
"10",-0.0501384656698047
"11",-1.11761020223019
"12",-1.11761020223019
"13",-1.11761020223019
"15",-1.11761020223019
"16",-0.287354407127667
"19",-1.11761020223019
"21",-1.11761020223019
"22",-0.511391685171204
"24",-1.11761020223019
"27",1.46540782697765
"29",-1.11761020223019
"31",-1.11761020223019
"33",0.0816481684734522
"35",-1.11761020223019
"36",-1.11761020223019
"38",2.09798367086529
"41",1.61037312453523
"42",-1.11761020223019
"43",-1.11761020223019
"45",-0.643178319314461
"46",-0.221461090056039
"47",1.08322658796221
"50",1.91348238306473
"52",3.25770605132595
"53",-0.181925099813062
"56",-1.11761020223019
"57",-0.313711733956319
"58",-1.11761020223019
"59",-1.11761020223019
"62",-1.11761020223019
"63",-1.11761020223019
"67",2.75691684158157
"68",-1.11761020223019
"69",3.50810065619813
"70",0.200256139202384
"72",-1.11761020223019
"74",1.82123173916445
"75",2.08480500745096
"78",1.96619703672203
"79",-1.11761020223019
"80",3.3367780318119
"81",-1.11761020223019
"82",-1.11761020223019
"83",-1.11761020223019
"84",-1.11761020223019
"85",-1.11761020223019
"87",-0.313711733956319
"89",0.00257618798749815
"90",-1.11761020223019
"91",3.27088471474027
"92",8.95088864631465
"95",9.72842978775987
"96",-1.11761020223019
"99",-1.11761020223019
"107",-1.11761020223019
"110",-1.11761020223019
"112",-1.11761020223019
"113",1.21501322210546
"114",-1.11761020223019
"118",0.437472080660246
"119",-1.11761020223019
"125",3.12591941718269
"126",-0.405962377856599
"128",-1.11761020223019
"134",1.17547723186249
"135",4.56239372934419
"136",0.990975944061926
"137",0.990975944061926
"138",6.01204670492002
"141",6.01204670492002
"142",2.55923689036668
"144",2.55923689036668
"145",-1.11761020223019
"148",-0.814500943700695
"149",0.542901387974852
"150",0.477008070903223
"151",-1.11761020223019
"153",-1.11761020223019
"154",-1.11761020223019
"155",-1.11761020223019
"157",0.424293417245921
"161",0.806474656261366
"165",9.63617914385959
"170",-1.11761020223019
"171",-1.11761020223019
"172",-0.946287577843952
"175",-1.11761020223019
"176",-1.11761020223019
"177",-1.11761020223019
"179",-1.11761020223019
"180",-1.11761020223019
"183",-1.11761020223019
"184",0.780117329432714
"185",-1.11761020223019
"186",-1.11761020223019
"187",0.727402675775412
"188",-1.11761020223019
"190",-1.11761020223019
"193",-1.11761020223019
"195",-0.946287577843952
"196",0.819653319675692
"197",2.20341297817989
"201",3.11274075376836
"202",1.30726386600574
"203",1.33362119283439
"204",-1.11761020223019
"206",-1.11761020223019
"208",-0.221461090056039
"209",-1.11761020223019
"210",0.859189309918669
"211",1.82123173916445
"215",-1.11761020223019
"216",1.05686926113355
"220",2.40109292939478
"221",9.63617914385959
"228",0.358400100174292
"229",-1.11761020223019
"233",-0.0633171290841303
"234",-1.11761020223019
"235",2.54605822695236
"236",-1.11761020223019
"237",-1.11761020223019
"238",-0.946287577843952
"239",-1.11761020223019
"240",-0.0369598022554789
"243",-1.11761020223019
"251",-1.11761020223019
"252",9.80750176824582
"253",0.160720148959407
"255",2.90188213913915
"256",-1.11761020223019
"257",-1.11761020223019
"260",0.9777972806476
"261",1.00415460747625
"262",8.19970483169808
"265",0.661509358703783
"268",1.55765847087793
"269",0.0684695050591266
"270",0.556080051389178
"271",0.556080051389178
"273",0.516544061146201
"275",-1.11761020223019
"283",-0.722250299800415
"286",8.80592334875707
"288",-1.11761020223019
"291",1.64990911477821
"292",-0.366426387613621
"294",-0.643178319314461
"296",2.34837827573747
"299",2.21659164159422
"302",-1.11761020223019
"304",4.93139630494531
"305",0.9777972806476
"306",3.745316597656
"309",-1.11761020223019
"311",-1.11761020223019
"312",-1.11761020223019
"316",-1.11761020223019
"317",2.42745025622343
"318",1.50494381722063
"319",0.292506783102664
"326",-1.11761020223019
"327",7.85705958292562
"330",7.71209428536803
"331",-1.11761020223019
"332",1.53130114404928
"334",-1.11761020223019
"337",3.75849526107032
"338",-0.300533070541993
"339",1.91348238306473
"342",1.4917651538063
"343",1.91348238306473
"344",2.83598882206752
"345",4.98411095860261
"346",13.6556714852289
"348",-0.61682099248581
"352",-1.11761020223019
"353",1.91348238306473
"354",0.964618617233275
"355",1.08322658796221
"356",1.53130114404928
"358",-1.11761020223019
"360",-0.89357292418665
"361",-1.11761020223019
"363",-0.643178319314461
"364",0.964618617233275
"365",-1.11761020223019
"366",-0.643178319314461
"372",0.384757427002944
"374",0.239792129445361
"376",-1.11761020223019
"377",5.19496957323183
"378",-1.11761020223019
"379",-1.11761020223019
"382",-1.11761020223019
"383",0.384757427002944
"384",-1.11761020223019
"385",8.70049404144246
"389",0.318864109931315
"390",0.213434802616709
"392",-1.11761020223019
"393",4.41742843178661
"395",1.97937570013635
"396",3.17863407083999
"398",-1.11761020223019
"403",-1.11761020223019
"404",-1.11761020223019
"405",-1.11761020223019
"410",-1.11761020223019
"412",-1.11761020223019
"414",0.898725300161646
"415",-0.0633171290841303
"416",2.48016490988073
"418",-0.168746436398736
"419",-0.116031782741433
"425",10.0447177097037
"426",1.42587183673467
"427",-1.11761020223019
"428",-1.11761020223019
"429",-1.11761020223019
"434",-1.11761020223019
"436",1.80805307575012
"437",-1.11761020223019
"438",0.12118415871643
"439",-1.11761020223019
"441",3.89028189521358
"447",-1.11761020223019
"450",-0.577285002242833
"451",-0.511391685171204
"454",-1.11761020223019
"455",-1.11761020223019
"456",1.13594124161951
"457",2.19023431476556
"460",-1.11761020223019
"462",-1.11761020223019
"464",4.00888986594251
"465",-1.11761020223019
"468",0.00257618798749815
"469",-1.11761020223019
"470",-1.11761020223019
"471",-1.11761020223019
"472",-1.11761020223019
"473",-1.11761020223019
"474",-1.11761020223019
"476",3.92981788545656
"477",-1.11761020223019
"478",3.92981788545656
"479",-0.419141041270924
"482",-1.11761020223019
"483",-0.260997080299016
"490",1.16229856844816
"493",0.938261290404623
"494",-1.11761020223019
"495",2.3615569391518
"496",7.23766240245231
"497",-1.11761020223019
"498",0.345221436759966
"500",5.5903294756616
"501",-1.11761020223019
"502",4.2592844708147
"504",0.384757427002944
"506",1.9530183733077
"507",1.16229856844816
"508",0.872367973332995
"511",5.37947086103239
"512",0.872367973332995
"513",5.02364694884559
"514",-0.208282426641713
"516",-1.11761020223019
"517",0.213434802616709
"519",-1.11761020223019
"520",-1.11761020223019
"522",0.332042773345641
"526",4.28564179764335
"527",0.569258714803503
"528",-1.11761020223019
"530",5.47172150493267
"537",6.92137448050849
"541",-1.11761020223019
"544",-1.11761020223019
"548",-1.11761020223019
"549",-1.11761020223019
"550",-0.485034358342553
"553",-1.11761020223019
"554",-1.11761020223019
"555",5.53761482200429
"556",-0.564106338828507
"559",2.8228101586532
"560",0.0948268318877781
"562",1.93983970989338
"565",-1.11761020223019
"567",-1.11761020223019
"569",-1.11761020223019
"570",5.93297472443407
"572",1.37315718307737
"573",-1.11761020223019
"575",1.20183455869114
"576",2.94141812938213
"579",-1.11761020223019
"580",3.3367780318119
"581",1.21501322210546
"585",2.96777545621078
"587",-1.11761020223019
"591",-1.11761020223019
"593",-1.11761020223019
"594",0.463829407488898
"595",-1.11761020223019
"597",-1.11761020223019
"599",-1.11761020223019
"600",-1.11761020223019
"601",7.1322330951377
"602",1.29408520259142
"607",-1.11761020223019
"608",-1.11761020223019
"611",0.621973368460806
"612",3.63988729034139
"613",0.88554663674732
"614",0.621973368460806
"616",-0.195103763227387
"617",1.20183455869114
"618",-1.11761020223019
"619",0.318864109931315
"620",-1.11761020223019
"621",-1.11761020223019
"623",-1.11761020223019
"626",2.13751966110826
"628",-1.11761020223019
"629",10.585042909691
"630",-1.11761020223019
"631",3.94299654887088
"635",-0.761786290043393
"638",-1.11761020223019
"640",0.0552908416448008
"644",2.69102352450994
"645",-1.11761020223019
"646",-1.11761020223019
"648",-1.11761020223019
"649",-1.11761020223019
"651",-0.287354407127667
"652",2.79645283182455
"657",-0.300533070541993
"658",0.9777972806476
"659",-0.854036933943673
"661",-0.300533070541993
"662",-1.11761020223019
"663",-1.11761020223019
"665",-1.11761020223019
"666",1.28090653917709
"668",-1.11761020223019
"669",-0.405962377856599
"671",-1.11761020223019
"672",10.664114890177
"673",0.279328119688338
"674",-1.11761020223019
"675",-1.11761020223019
"676",-1.11761020223019
"677",0.384757427002944
"680",-1.11761020223019
"682",-1.11761020223019
"683",-0.287354407127667
"684",-1.11761020223019
"685",1.54447980746361
"689",4.6678230366588
"691",-1.11761020223019
"693",-1.11761020223019
"695",0.266149456274012
"696",0.964618617233275
"697",-0.471855694928227
"699",0.964618617233275
"702",-1.11761020223019
"703",-1.11761020223019
"706",-1.11761020223019
"709",1.82123173916445
"710",-0.102853119327107
"713",1.59719446112091
"714",0.79329599284704
"715",7.75163027561101
"717",-1.11761020223019
"721",0.213434802616709
"724",1.83441040257877
"726",1.13594124161951
"730",-0.313711733956319
"732",1.00415460747625
"733",4.29882046105768
"734",0.239792129445361
"737",0.516544061146201
"738",-1.11761020223019
"740",-0.590463665657158
"742",-0.379605051027947
"743",-1.11761020223019
"744",-1.11761020223019
"745",-1.11761020223019
"749",-0.379605051027947
"750",-1.11761020223019
"751",-1.11761020223019
"756",0.213434802616709
"757",0.279328119688338
"760",-1.11761020223019
"763",-1.11761020223019
"764",-0.511391685171204
"765",-1.11761020223019
"766",1.01733327089058
"769",-0.761786290043393
"770",1.0305119343049
"771",-1.11761020223019
"772",-1.11761020223019
"773",-0.656356982728787
"775",0.424293417245921
"779",0.79329599284704
"780",2.15069832452259
"782",-1.11761020223019
"783",-0.70907163638609
"784",0.516544061146201
"785",3.42902867571218
"786",-1.11761020223019
"787",0.437472080660246
"788",-0.70907163638609
"792",3.06002610011106
"793",-1.11761020223019
"795",-0.379605051027947
"797",-0.70907163638609
"798",1.35997851966305
"799",-1.11761020223019
"800",2.01891169037933
"801",-1.11761020223019
"802",-0.181925099813062
"805",-1.11761020223019
"806",-1.11761020223019
"808",7.64620096829641
"812",-0.70907163638609
"813",0.437472080660246
"814",-1.11761020223019
"817",29.5886755531487
"820",1.09640525137653
"821",1.09640525137653
"822",-0.695892972971764
"823",-1.11761020223019
"824",-1.11761020223019
"826",2.22977030500854
"827",0.318864109931315
"828",-1.11761020223019
"829",5.72211610980485
"830",2.54605822695236
"831",-1.11761020223019
"832",-0.919930251015301
"833",5.1817909098175
"834",5.14225491957452
"835",5.11589759274587
"836",1.28090653917709
"840",0.556080051389178
"842",1.71580243184984
"843",0.990975944061926
"845",4.47014308544391
"846",-1.11761020223019
"847",-1.11761020223019
"849",-1.11761020223019
"850",14.9998951534901
"853",-1.11761020223019
"855",-1.11761020223019
"857",-1.11761020223019
"858",0.621973368460806
"861",-0.274175743713342
"865",1.97937570013635
"869",-1.11761020223019
"870",1.00415460747625
"871",0.806474656261366
"872",5.53761482200429
"874",0.516544061146201
"877",-1.11761020223019
"878",-1.11761020223019
"880",1.09640525137653
"882",-0.181925099813062
"883",1.57083713429226
"885",1.09640525137653
"886",1.09640525137653
"889",0.266149456274012
"890",4.00888986594251
"892",-1.11761020223019
"898",-0.827679607115021
"899",2.71738085133859
"900",1.64990911477821
"901",1.64990911477821
"903",-1.11761020223019
"904",-1.11761020223019
"905",0.0684695050591266
"908",1.35997851966305
"909",-1.11761020223019
"910",-1.11761020223019
"911",5.77483076346216
"912",0.846010646504343
"913",3.37631402205488
"914",1.64990911477821
"917",3.31042070498325
"919",1.17547723186249
"920",-1.11761020223019
"921",1.09640525137653
"925",3.37631402205488
"927",-0.142389109570085
"928",-1.11761020223019
"931",5.78800942687648
"932",1.75533842209282
"933",-1.11761020223019
"938",-1.11761020223019
"939",-0.076495792498456
"940",-0.076495792498456
"941",-1.11761020223019
"943",-0.34006906078497
"948",-1.11761020223019
"949",-1.11761020223019
"952",1.07004792454788
"955",-1.11761020223019
"956",-1.11761020223019
"957",-1.11761020223019
"960",0.187077475788058
"963",1.62355178794956
"965",0.437472080660246
"966",0.437472080660246
"970",2.69102352450994
"971",-0.629999655900136
"974",1.39951450990602
"976",0.437472080660246
"977",0.292506783102664
"978",5.52443615858997
"979",2.45380758305208
"981",1.13594124161951
"991",-1.11761020223019
"992",0.964618617233275
"995",-0.300533070541993
"997",-1.11761020223019
"998",-1.11761020223019
"999",-1.11761020223019
"1000",1.01733327089058
"1001",2.09798367086529
"1004",16.1859748607795
"1006",1.67626644160686
"1007",0.740581339189737
"1008",1.79487441233579
"1009",5.03682561225992
"1011",2.22977030500854
"1019",-0.577285002242833
"1020",-1.11761020223019
"1021",-0.076495792498456
"1024",4.19339115374307
"1025",3.3894926854692
"1026",0.964618617233275
"1027",-1.11761020223019
"1031",1.07004792454788
"1032",1.07004792454788
"1033",0.437472080660246
"1034",1.08322658796221
"1035",-0.445498368099576
"1039",-1.11761020223019
"1040",-1.11761020223019
"1041",-0.287354407127667
"1042",-1.11761020223019
"1045",-1.11761020223019
"1047",-1.11761020223019
"1048",4.11431917325712
"1049",3.62670862692707
"1050",1.67626644160686
"1051",1.10958391479086
"1057",6.11747601223462
"1058",-0.0369598022554789
"1061",1.67626644160686
"1063",-1.11761020223019
"1068",-1.11761020223019
"1069",-0.379605051027947
"1070",11.7843012803947
"1071",-1.11761020223019
"1072",1.01733327089058
"1073",-0.590463665657158
"1074",-1.11761020223019
"1075",-1.11761020223019
"1076",-1.11761020223019
"1077",1.01733327089058
"1079",1.29408520259142
"1080",-1.11761020223019
"1081",-1.11761020223019
"1083",-0.485034358342553
"1085",1.0305119343049
"1090",2.75691684158157
"1093",-0.933108914429627
"1096",-1.11761020223019
"1097",-1.11761020223019
"1102",1.9530183733077
"1103",-1.11761020223019
"1107",2.32202094890882
"1108",11.309869397479
"1110",-1.11761020223019
"1117",2.03209035379366
"1118",-1.11761020223019
"1120",1.64990911477821
"1122",5.77483076346216
"1125",1.66308777819254
"1126",4.18021249032875
"1127",-1.11761020223019
"1128",-1.11761020223019
"1130",1.30726386600574
"1133",-1.11761020223019
"1134",-1.11761020223019
"1139",-1.11761020223019
"1140",9.3330698853301
"1142",-0.933108914429627
"1143",5.14225491957452
"1144",-0.419141041270924
"1145",1.47858649039198
"1146",-1.11761020223019
"1147",-1.11761020223019
"1152",-1.11761020223019
"1154",0.490186734317549
"1159",-1.11761020223019
"1163",-1.11761020223019
"1164",2.29566362208017
"1165",6.11747601223462
"1166",3.42902867571218
"1171",-1.11761020223019
"1172",9.16174726094386
"1175",-1.11761020223019
"1176",-1.11761020223019
"1177",1.37315718307737
"1178",-0.300533070541993
"1179",1.28090653917709
"1183",0.925082626990297
"1184",0.239792129445361
"1189",-1.11761020223019
"1190",-1.11761020223019
"1191",3.48174332936948
"1192",1.09640525137653
"1193",-1.11761020223019
"1194",2.15069832452259
"1195",-1.11761020223019
"1196",1.30726386600574
"1198",-1.11761020223019
"1199",-1.11761020223019
"1201",8.55552874388488
"1202",-1.11761020223019
"1204",0.819653319675692
"1207",-1.11761020223019
"1209",9.21446191460116
"1212",3.48174332936948
"1213",-1.11761020223019
"1219",8.81910201217139
"1221",-1.11761020223019
"1224",-0.537749011999856
"1225",3.42902867571218
"1228",-1.11761020223019
"1229",5.48490016834699
"1230",3.45538600254083
"1231",-1.11761020223019
"1232",-1.11761020223019
"1234",3.31042070498325
"1235",-1.11761020223019
"1237",1.9530183733077
"1240",-1.11761020223019
"1242",2.83598882206752
"1243",2.83598882206752
"1244",0.411114753831595
"1245",6.96091047075147
"1246",-1.11761020223019
"1248",-1.11761020223019
"1257",-1.11761020223019
"1258",-1.11761020223019
"1259",-1.11761020223019
"1260",-0.274175743713342
"1264",3.75849526107032
"1265",3.75849526107032
"1268",-1.11761020223019
"1270",8.38420611949864
"1271",-1.11761020223019
"1274",8.31831280242702
"1276",1.18865589527681
"1278",-0.313711733956319
"1282",-1.11761020223019
"1287",6.1042973488203
"1288",-1.11761020223019
"1290",2.25612763183719
"1293",-1.11761020223019
"1294",-1.11761020223019
"1295",1.92666104647905
"1298",-1.11761020223019
"1299",-1.11761020223019
"1300",5.20814823664615
"1301",-1.11761020223019
"1304",2.08480500745096
"1305",4.03524719277116
"1306",-1.11761020223019
"1308",1.45222916356333
"1309",-1.11761020223019
"1310",0.332042773345641
"1311",-1.11761020223019
"1312",-1.11761020223019
"1316",0.108005495302104
"1319",1.39951450990602
"1322",-1.11761020223019
"1324",1.4917651538063
"1327",-1.11761020223019
"1329",0.12118415871643
"1330",-0.445498368099576
"1331",-1.11761020223019
"1334",-1.11761020223019
"1335",-1.11761020223019
"1339",2.07162634403663
"1340",0.846010646504343
"1341",0.187077475788058
"1344",-1.11761020223019
"1346",1.9003037196504
"1347",1.9003037196504
"1350",-0.933108914429627
"1352",0.0421121782304752
"1353",5.1817909098175
"1356",-0.24781841688469
"1357",0.990975944061926
"1358",5.41900685127536
"1359",0.292506783102664
"1360",0.990975944061926
"1363",-1.11761020223019
"1364",0.990975944061926
"1365",-1.11761020223019
"1366",-1.11761020223019
"1367",0.951439953818949
"1371",0.925082626990297
"1373",0.0157548514018238
"1376",-0.0633171290841303
"1377",0.0157548514018238
"1378",-1.11761020223019
"1380",1.79487441233579
"1381",0.160720148959407
"1382",1.05686926113355
"1385",-1.11761020223019
"1387",-1.11761020223019
"1389",-1.11761020223019
"1390",-1.11761020223019
"1391",-0.458677031513901
"1392",1.83441040257877
"1400",-1.11761020223019
"1402",-1.11761020223019
"1404",-0.577285002242833
"1406",-1.11761020223019
"1407",-1.11761020223019
"1409",-1.11761020223019
"1411",10.3214696414045
"1412",-1.11761020223019
"1415",-1.11761020223019
"1417",-0.722250299800415
"1419",10.5455069194481
"1422",5.45854284151834
"1423",3.53445798302679
"1424",0.424293417245921
"1425",-1.11761020223019
"1427",12.7199863828118
"1428",0.279328119688338
"1429",16.1464388705365
"1431",-1.11761020223019
"1433",1.47858649039198
"1434",3.36313535864055
"1438",2.05844768062231
"1440",1.439050500149
"1441",3.12591941718269
"1442",-0.326890397370644
"1443",-1.11761020223019
"1445",1.58401579770658
"1450",2.55923689036668
"1452",-1.11761020223019
"1453",1.8475890659931
"1454",-1.11761020223019
"1456",-1.11761020223019
"1457",-1.11761020223019
"1459",-1.11761020223019
"1460",-1.11761020223019
"1461",-1.11761020223019
"1462",-1.11761020223019
"1465",1.04369059771923
"1466",-1.11761020223019
"1467",1.79487441233579
"1468",-0.34006906078497
"1469",2.86234614889618
"1470",0.819653319675692
"1471",0.477008070903223
"1472",2.70420218792427
"1474",-0.379605051027947
"1479",-1.11761020223019
"1480",2.32202094890882
"1483",-0.629999655900136
"1489",-1.11761020223019
"1491",14.9471804998328
"1493",5.22132690006048
"1495",-1.11761020223019
"1497",2.24294896842287
"1498",-1.11761020223019
"1499",1.91348238306473
"1501",2.03209035379366
"1502",9.25399790484414
"1504",-0.353247724199296
"1505",-1.11761020223019
"1506",0.872367973332995
"1507",1.67626644160686
"1508",-0.353247724199296
"1509",-1.11761020223019
"1510",-1.11761020223019
"1511",3.63988729034139
"1512",-1.11761020223019
"1514",-1.11761020223019
"1518",1.68944510502119
"1521",1.12276257820518
"1525",1.12276257820518
"1526",-1.11761020223019
"1527",-1.11761020223019
"1529",-0.458677031513901
"1530",-1.11761020223019
"1532",-1.11761020223019
"1533",77.993906273967
"1534",1.62355178794956
"1535",-0.234639753470364
"1538",-1.11761020223019
"1540",1.05686926113355
"1542",2.48016490988073
"1544",2.3088422854945
"1553",0.859189309918669
"1554",-1.11761020223019
"1557",1.71580243184984
"1558",-1.11761020223019
"1559",-1.11761020223019
"1561",-1.11761020223019
"1563",-1.11761020223019
"1564",-1.11761020223019
"1565",-1.11761020223019
"1570",-1.11761020223019
"1572",-1.11761020223019
"1573",2.7700955049959
"1574",-1.11761020223019
"1576",-1.11761020223019
"1577",1.39951450990602
"1583",-0.129210446155759
"1584",0.661509358703783
"1585",0.266149456274012
"1586",-1.11761020223019
"1588",-1.11761020223019
"1591",-1.11761020223019
"1594",-1.11761020223019
"1597",-0.52457034858553
"1599",-1.11761020223019
"1600",15.6061136705491
"1601",0.477008070903223
"1604",0.0157548514018238
"1607",8.37102745608432
"1609",0.411114753831595
"1614",1.71580243184984
"1615",-0.761786290043393
"1616",-1.11761020223019
"1617",-1.11761020223019
"1620",1.39951450990602
"1623",0.635152031875132
"1627",-0.274175743713342
"1628",1.05686926113355
"1631",-1.11761020223019
"1632",11.1649040999214
"1634",-1.11761020223019
"1636",-1.11761020223019
"1638",-1.11761020223019
"1643",1.25454921234844
"1644",-1.11761020223019
"1646",-1.11761020223019
"1648",0.384757427002944
"1651",0.846010646504343
"1652",-0.379605051027947
"1653",-1.11761020223019
"1655",-1.11761020223019
"1657",0.608794705046481
"1658",0.990975944061926
"1659",-1.11761020223019
"1661",9.34624854874442
"1662",-0.260997080299016
"1663",0.318864109931315
"1666",2.70420218792427
"1667",-1.11761020223019
"1668",-0.0106024754268275
"1669",-1.11761020223019
"1671",2.71738085133859
"1672",1.88712505623607
"1674",0.79329599284704
"1676",-1.11761020223019
"1678",-1.11761020223019
"1679",2.24294896842287
"1681",-1.11761020223019
"1683",2.32202094890882
"1684",-1.11761020223019
"1685",2.32202094890882
"1686",-1.11761020223019
"1688",-1.11761020223019
"1689",-0.313711733956319
"1693",3.67942328058437
"1702",2.24294896842287
"1703",2.22977030500854
"1705",0.252970792859686
"1708",-1.11761020223019
"1709",2.22977030500854
"1710",-1.11761020223019
"1712",-1.11761020223019
"1713",16.1200815437078
"1714",2.38791426598045
"1715",-1.11761020223019
"1718",-1.11761020223019
"1720",5.01046828543127
"1722",-1.11761020223019
"1723",-1.11761020223019
"1728",0.279328119688338
"1731",-1.11761020223019
"1732",2.37473560256613
"1733",5.85390274394811
"1735",-1.11761020223019
"1736",-1.11761020223019
"1744",2.45380758305208
"1745",-1.11761020223019
"1746",-1.11761020223019
"1747",-1.11761020223019
"1748",-1.11761020223019
"1751",-1.11761020223019
"1755",4.10114050984279
"1757",1.61037312453523
"1760",2.40109292939478
"1761",2.8755248123105
"1766",-1.11761020223019
"1767",16.1332602071222
"1772",4.54921506592987
"1773",0.648330695289458
"1776",-1.11761020223019
"1777",0.569258714803503
"1778",-1.11761020223019
"1779",11.7843012803947
"1780",0.108005495302104
"1781",1.05686926113355
"1782",-1.11761020223019
"1783",-1.11761020223019
"1784",0.252970792859686
"1785",-0.129210446155759
"1787",0.911903963575972
"1788",-0.919930251015301
"1790",-1.11761020223019
"1792",0.951439953818949
"1793",-1.11761020223019
"1794",11.1121894462641
"1795",-1.11761020223019
"1796",1.04369059771923
"1798",0.740581339189737
"1799",0.0421121782304752
"1800",1.61037312453523
"1801",0.411114753831595
"1802",1.61037312453523
"1803",-1.11761020223019
"1804",4.53603640251554
"1805",-0.471855694928227
"1806",2.01891169037933
"1807",0.951439953818949
"1808",1.91348238306473
"1809",-1.11761020223019
"1811",-1.11761020223019
"1812",-1.11761020223019
"1813",-0.695892972971764
"1815",-1.11761020223019
"1817",-1.11761020223019
"1823",-1.11761020223019
"1826",-1.11761020223019
"1830",-1.11761020223019
"1832",-1.11761020223019
"1833",-1.11761020223019
"1834",-1.11761020223019
"1838",-1.11761020223019
"1840",-1.11761020223019
"1841",-1.11761020223019
"1842",-1.11761020223019
"1843",-1.11761020223019
"1844",-1.11761020223019
"1845",-1.11761020223019
"1846",-1.11761020223019
"1847",-1.11761020223019
"1849",-1.11761020223019
"1850",-0.181925099813062
"1855",-1.11761020223019
"1856",-1.11761020223019
"1861",-1.11761020223019
"1864",-1.11761020223019
"1868",-1.11761020223019
"1871",-1.11761020223019
"1872",-0.761786290043393
"1874",-1.11761020223019
"1875",-1.11761020223019
"1877",-1.11761020223019
"1878",-1.11761020223019
"1879",-1.11761020223019
"1882",-1.11761020223019
"1883",-1.11761020223019
"1884",0.239792129445361
"1885",0.00257618798749815
"1890",-1.11761020223019
"1892",-1.11761020223019
"1893",-1.11761020223019
"1895",-1.11761020223019
"1896",-1.11761020223019
"1897",-1.11761020223019
"1899",-1.11761020223019
"1900",-1.11761020223019
"1901",-1.11761020223019
"1902",-1.11761020223019
"1904",-1.11761020223019
"1905",-1.11761020223019
"1907",-1.11761020223019
"1910",-1.11761020223019
"1912",-1.11761020223019
"1913",-1.11761020223019
"1914",-1.11761020223019
"1915",-1.11761020223019
"1917",-1.11761020223019
"1919",-0.959466241258278
"1926",-1.11761020223019
"1927",-1.11761020223019
"1928",-1.11761020223019
"1930",-1.11761020223019
"1931",-1.11761020223019
"1935",-1.11761020223019
"1936",-1.11761020223019
"1937",-0.906751587600975
"1938",-1.11761020223019
"1939",-1.11761020223019
"1942",-1.11761020223019
"1946",-1.11761020223019
"1947",-1.11761020223019
"1949",-1.11761020223019
"1950",-1.11761020223019
"1953",-0.43231970468525
"1954",-1.11761020223019
"1955",-1.11761020223019
"1956",-1.11761020223019
"1957",-1.11761020223019
"1959",-1.11761020223019
"1960",-1.11761020223019
"1961",-1.11761020223019
"1965",-1.11761020223019
"1967",-1.11761020223019
"1968",-1.11761020223019
"1971",-1.11761020223019
"1972",0.12118415871643
"1974",-0.972644904672604
"1976",-0.946287577843952
"1977",-1.11761020223019
"1978",-1.11761020223019
"1979",-0.946287577843952
"1980",-1.11761020223019
"1983",-1.11761020223019
"1986",0.542901387974852
"1988",-1.11761020223019
"1991",-1.11761020223019
"1992",-1.11761020223019
"1993",-1.11761020223019
"1997",-1.11761020223019
"1998",-1.11761020223019
"2001",-1.11761020223019
"2002",-1.11761020223019
"2004",-1.11761020223019
"2006",-1.11761020223019
"2008",-1.11761020223019
"2009",-1.11761020223019
"2010",-1.11761020223019
"2011",-1.11761020223019
"2012",-1.11761020223019
"2014",-1.11761020223019
"2015",-1.11761020223019
"2017",-1.11761020223019
"2022",0.582437378217829
"2025",-1.11761020223019
"2027",-1.11761020223019
"2038",-1.11761020223019
"2040",0.740581339189737
"2043",-1.11761020223019
"2045",-1.11761020223019
"2052",-1.11761020223019
"2054",-1.11761020223019
"2055",-1.11761020223019
"2056",-1.11761020223019
"2058",-1.11761020223019
"2060",-1.11761020223019
"2062",0.740581339189737
"2064",-1.11761020223019
"2065",-1.11761020223019
"2066",-1.11761020223019
"2073",-1.11761020223019
"2075",-1.11761020223019
"2077",-1.11761020223019
"2081",-0.61682099248581
"2085",-1.11761020223019
"2088",-0.129210446155759
"2090",-1.11761020223019
"2091",-1.11761020223019
"2092",-1.11761020223019
"2093",-1.11761020223019
"2096",-1.11761020223019
"2099",-1.11761020223019
"2103",-1.11761020223019
"2104",-1.11761020223019
"2105",-1.11761020223019
"2108",-1.11761020223019
"2110",-1.11761020223019
"2113",-1.11761020223019
"2115",-1.11761020223019
"2116",-0.774964953457718
"2117",0.200256139202384
"2119",1.0305119343049
"2120",-1.11761020223019
"2121",-1.11761020223019
"2122",-0.168746436398736
"2123",-0.116031782741433
"2125",-1.11761020223019
"2126",-1.11761020223019
"2128",-0.98582356808693
"2131",-1.11761020223019
"2133",-1.11761020223019
"2140",-1.11761020223019
"2143",-1.11761020223019
"2145",-1.11761020223019
"2146",-1.11761020223019
"2149",-1.11761020223019
"2150",-1.11761020223019
"2151",-1.11761020223019
"2155",-1.11761020223019
"2156",-1.11761020223019
"2159",-1.11761020223019
"2160",-0.814500943700695
"2161",-1.11761020223019
"2162",-1.11761020223019
"2163",-1.11761020223019
"2167",-1.11761020223019
"2168",-1.11761020223019
"2172",-1.11761020223019
"2173",-1.11761020223019
"2177",-1.11761020223019
"2178",-0.445498368099576
"2180",-1.11761020223019
"2181",-1.11761020223019
"2184",-1.11761020223019
"2185",-1.11761020223019
"2187",-1.11761020223019
"2190",-1.11761020223019
"2191",-1.11761020223019
"2193",-1.11761020223019
"2194",-1.11761020223019
"2195",-1.11761020223019
"2197",-1.11761020223019
"2198",-1.11761020223019
"2199",-1.11761020223019
"2204",-1.11761020223019
"2205",-1.11761020223019
"2206",-1.11761020223019
"2207",-1.11761020223019
"2208",-1.11761020223019
"2209",-1.11761020223019
"2212",-1.11761020223019
"2215",-1.11761020223019
"2216",-1.11761020223019
"2220",-1.11761020223019
"2225",-1.11761020223019
"2226",-1.11761020223019
"2228",-0.0896744559127818
"2236",-1.11761020223019
"2238",-1.11761020223019
"2240",-1.11761020223019
"2241",-1.11761020223019
"2242",-0.353247724199296
"2244",-1.11761020223019
"2245",-1.11761020223019
"2246",-1.11761020223019
"2247",-1.11761020223019
"2248",-1.11761020223019
"2250",-1.11761020223019
"2252",-0.774964953457718
"2254",-1.11761020223019
"2256",-1.11761020223019
"2257",-1.11761020223019
"2258",-1.11761020223019
"2260",0.806474656261366
"2266",-1.11761020223019
"2268",-1.11761020223019
"2272",-1.11761020223019
"2276",-1.11761020223019
"2279",-1.11761020223019
"2282",-1.11761020223019
"2286",-1.11761020223019
"2288",-0.669535646143113
"2289",-1.11761020223019
"2293",-1.11761020223019
"2296",-1.11761020223019
"2298",-1.11761020223019
"2299",-1.11761020223019
"2300",-1.11761020223019
"2301",-1.11761020223019
"2302",-1.11761020223019
"2303",-1.11761020223019
"2306",3.90346055862791
"2308",-1.11761020223019
"2311",-1.11761020223019
"2312",-1.11761020223019
"2313",-1.11761020223019
"2315",-1.11761020223019
"2318",-1.11761020223019
"2319",-1.11761020223019
"2320",-1.11761020223019
"2321",-1.11761020223019
"2322",-1.11761020223019
"2323",-1.11761020223019
"2326",0.0289335148161496
"2328",-1.11761020223019
"2329",-1.11761020223019
"2330",-0.669535646143113
"2331",-0.682714309557438
"2334",-1.11761020223019
"2335",-1.11761020223019
"2338",-1.11761020223019
"2341",-1.11761020223019
"2345",-1.11761020223019
"2347",-1.11761020223019
"2349",-1.11761020223019
"2350",-1.11761020223019
"2351",-1.11761020223019
"2353",-1.11761020223019
"2355",-1.11761020223019
"2357",-1.11761020223019
"2358",-1.11761020223019
"2359",-1.11761020223019
"2361",-1.11761020223019
"2363",-1.11761020223019
"2365",-1.11761020223019
"2367",-1.11761020223019
"2368",-1.11761020223019
"2371",2.37473560256613
"2374",-1.11761020223019
"2375",-0.643178319314461
"2377",-1.11761020223019
"2383",-1.11761020223019
"2384",-1.11761020223019
"2386",-1.11761020223019
"2387",-1.11761020223019
"2393",-0.511391685171204
"2397",-1.11761020223019
"2398",-1.11761020223019
"2403",-1.11761020223019
"2404",-1.11761020223019
"2406",-1.11761020223019
"2407",-1.11761020223019
"2408",-1.11761020223019
"2409",-1.11761020223019
"2410",-1.11761020223019
"2412",-1.11761020223019
"2413",-1.11761020223019
"2414",-1.11761020223019
"2415",-1.11761020223019
"2416",-1.11761020223019
"2417",-1.11761020223019
"2419",-1.11761020223019
"2420",-1.11761020223019
"2422",-1.11761020223019
"2423",-0.682714309557438
"2424",-0.933108914429627
"2428",-1.11761020223019
"2432",-1.11761020223019
"2433",-1.11761020223019
"2434",-1.11761020223019
"2435",-1.11761020223019
"2436",-1.11761020223019
"2437",-1.11761020223019
"2438",-1.11761020223019
"2439",-1.11761020223019
"2440",-1.11761020223019
"2444",-1.11761020223019
"2445",-1.11761020223019
"2449",-1.11761020223019
"2450",-1.11761020223019
"2451",-0.366426387613621
"2453",-1.11761020223019
"2459",-1.11761020223019
"2460",-1.11761020223019
"2463",-1.11761020223019
"2464",-1.11761020223019
"2466",-1.11761020223019
"2469",-1.11761020223019
"2471",-1.11761020223019
"2475",-1.11761020223019
"2476",-1.11761020223019
"2482",-1.11761020223019
"2486",-1.11761020223019
"2488",-1.11761020223019
"2491",-1.11761020223019
"2493",-1.11761020223019
"2494",-1.11761020223019
"2495",-1.11761020223019
"2496",-1.11761020223019
"2497",-1.11761020223019
"2499",-1.11761020223019
"2501",-1.11761020223019
"2503",-1.11761020223019
"2505",-1.11761020223019
"2506",-1.11761020223019
"2510",-1.11761020223019
"2513",-1.11761020223019
"2520",-1.11761020223019
"2522",-1.11761020223019
"2525",-1.11761020223019
"2528",-1.11761020223019
"2530",-1.11761020223019
"2532",-1.11761020223019
"2534",-1.11761020223019
"2535",0.569258714803503
"2538",-1.11761020223019
"2539",-0.129210446155759
"2540",-1.11761020223019
"2545",-1.11761020223019
"2547",-1.11761020223019
"2548",0.305685446516989
"2550",-1.11761020223019
"2552",-1.11761020223019
"2553",-1.11761020223019
"2554",-1.11761020223019
"2556",-1.11761020223019
"2558",-1.11761020223019
"2559",-1.11761020223019
"2561",-1.11761020223019
"2563",-1.11761020223019
"2565",-1.11761020223019
"2567",-1.11761020223019
"2568",-1.11761020223019
"2570",-1.11761020223019
"2572",-1.11761020223019
"2573",-1.11761020223019
"2575",-1.11761020223019
"2576",-1.11761020223019
"2577",-1.11761020223019
"2578",-1.11761020223019
"2579",-1.11761020223019
"2580",-1.11761020223019
"2581",-1.11761020223019
"2583",-1.11761020223019
"2584",-1.11761020223019
"2588",-1.11761020223019
"2590",-1.11761020223019
"2591",-1.11761020223019
"2592",-1.11761020223019
"2594",-1.11761020223019
"2595",-1.11761020223019
"2597",-1.11761020223019
"2598",-1.11761020223019
"2600",-1.11761020223019
"2601",-1.11761020223019
"2602",-1.11761020223019
"2605",-1.11761020223019
"2606",-1.11761020223019
"2608",-1.11761020223019
"2612",-1.11761020223019
"2613",0.358400100174292
"2616",-0.300533070541993
"2618",-1.11761020223019
"2619",-0.392783714442273
"2620",-1.11761020223019
"2622",-1.11761020223019
"2623",-1.11761020223019
"2624",-1.11761020223019
"2626",-1.11761020223019
"2627",-1.11761020223019
"2630",-1.11761020223019
"2632",-1.11761020223019
"2634",-1.11761020223019
"2635",1.82123173916445
"2638",-1.11761020223019
"2639",-0.379605051027947
"2642",-1.11761020223019
"2644",-1.11761020223019
"2649",-1.11761020223019
"2650",-1.11761020223019
"2651",-0.287354407127667
"2652",-1.11761020223019
"2657",-1.11761020223019
"2659",-1.11761020223019
"2660",-1.11761020223019
"2661",-1.11761020223019
"2663",-1.11761020223019
"2664",-1.11761020223019
"2665",-1.11761020223019
"2668",-0.840858270529347
"2669",-0.906751587600975
"2671",-1.11761020223019
"2672",-1.11761020223019
"2673",-1.11761020223019
"2676",-1.11761020223019
"2677",-0.880394260772324
"2680",-1.11761020223019
"2682",-0.880394260772324
"2684",-1.11761020223019
"2687",-1.11761020223019
"2689",-1.11761020223019
"2690",-1.11761020223019
"2692",-1.11761020223019
"2693",-1.11761020223019
"2695",-1.11761020223019
"2699",-1.11761020223019
"2700",-1.11761020223019
"2703",-1.11761020223019
"2704",-1.11761020223019
"2705",-1.11761020223019
"2708",-1.11761020223019
"2711",-1.11761020223019
"2713",-1.11761020223019
"2716",-1.11761020223019
"2717",-1.11761020223019
"2720",-1.11761020223019
"2724",-1.11761020223019
"2727",-1.11761020223019
"2728",-1.11761020223019
"2729",-1.11761020223019
"2731",-1.11761020223019
"2734",-1.11761020223019
"2735",-1.03853822174423
"2738",-1.11761020223019
"2741",-1.11761020223019
"2744",-1.11761020223019
"2745",-1.11761020223019
"2746",-1.11761020223019
"2747",-1.11761020223019
"2748",-1.11761020223019
"2749",-1.11761020223019
"2750",-1.11761020223019
"2751",-1.11761020223019
"2752",-1.11761020223019
"2753",-1.11761020223019
"2756",-1.11761020223019
"2757",-1.11761020223019
"2759",-1.11761020223019
"2760",-1.11761020223019
"2761",-1.11761020223019
"2762",-1.11761020223019
"2766",-1.11761020223019
"2773",-1.11761020223019
"2775",-1.11761020223019
"2776",-1.11761020223019
"2777",-1.11761020223019
"2778",-1.11761020223019
"2779",-1.11761020223019
"2780",-1.11761020223019
"2782",-1.11761020223019
"2783",-1.11761020223019
"2784",-1.11761020223019
"2785",-1.11761020223019
"2787",-1.11761020223019
"2788",-1.11761020223019
"2791",-1.11761020223019
"2792",-1.11761020223019
"2796",-1.11761020223019
"2800",-1.11761020223019
"2801",-1.11761020223019
"2803",-1.11761020223019
"2805",-1.11761020223019
"2807",-1.11761020223019
"2810",-0.208282426641713
"2814",-1.11761020223019
"2815",-1.11761020223019
"2816",-1.11761020223019
"2824",-1.11761020223019
"2829",-1.11761020223019
"2830",-1.11761020223019
"2831",-0.313711733956319
"2834",-1.11761020223019
"2835",-1.11761020223019
"2836",-1.11761020223019
"2837",-1.11761020223019
"2838",-1.11761020223019
"2839",-1.11761020223019
"2840",-1.11761020223019
"2844",-1.11761020223019
"2845",-1.11761020223019
"2846",-1.11761020223019
"2847",-1.11761020223019
"2848",-1.11761020223019
"2849",-1.11761020223019
"2852",-1.11761020223019
"2854",-1.11761020223019
"2855",-1.11761020223019
"2858",-1.11761020223019
"2859",-1.11761020223019
"2860",-1.11761020223019
"2861",-1.11761020223019
"2865",-1.11761020223019
"2868",-1.11761020223019
"2870",-0.840858270529347
"2871",-1.01218089491558
"2873",-0.999002231501255
"2876",-1.11761020223019
"2877",-0.550927675414181
"2878",-1.11761020223019
"2879",-1.11761020223019
"2881",-1.11761020223019
"2883",-1.11761020223019
"2885",-1.11761020223019
"2887",-1.11761020223019
"2889",-1.11761020223019
"2890",-1.11761020223019
"2893",-1.11761020223019
"2894",-1.11761020223019
"2895",-1.11761020223019
"2896",-1.11761020223019
"2897",-1.11761020223019
"2899",-1.11761020223019
"2900",-1.11761020223019
"2901",-1.11761020223019
"2904",-1.11761020223019
"2905",-1.11761020223019
"2906",-1.11761020223019
"2907",-1.11761020223019
"2908",-1.11761020223019
"2911",-1.11761020223019
"2913",-1.11761020223019
"2916",-1.11761020223019
"2917",-1.11761020223019
"2918",-0.445498368099576
"2923",-1.11761020223019
"2924",-1.11761020223019
"2929",-1.11761020223019
"2930",-1.11761020223019
"2933",0.516544061146201
"2934",-1.11761020223019
"2936",-1.11761020223019
"2937",-1.11761020223019
"2938",-0.788143616872044
"2939",-0.722250299800415
"2941",-0.933108914429627
"2947",-0.550927675414181
"2950",-1.11761020223019
"2951",-1.11761020223019
"2953",-0.208282426641713
"2954",-1.11761020223019
"2955",-0.999002231501255
"2956",-1.11761020223019
"2957",-1.11761020223019
"2958",-1.11761020223019
"2962",-1.11761020223019
"2964",0.160720148959407
"2967",-1.11761020223019
"2968",-1.11761020223019
"2969",-1.11761020223019
"2971",-1.11761020223019
"2972",-1.11761020223019
"2973",-1.11761020223019
"2975",-1.11761020223019
"2979",-1.11761020223019
"2980",-1.11761020223019
"2981",-1.11761020223019
"2982",-1.11761020223019
"2984",-1.11761020223019
"2985",-1.11761020223019
"2987",-0.840858270529347
"2988",-1.11761020223019
"2989",-1.11761020223019
"2991",-1.11761020223019
"2993",-1.11761020223019
"2994",-1.11761020223019
"2995",-1.11761020223019
"2997",-1.11761020223019
"2998",-1.11761020223019
"3000",-1.11761020223019
"3001",-1.11761020223019
"3003",-1.11761020223019
"3005",-1.11761020223019
"3007",-1.11761020223019
"3008",-0.946287577843952
"3009",-1.11761020223019
"3010",-0.840858270529347
"3012",-1.05171688515856
"3016",-1.11761020223019
"3017",-1.11761020223019
"3018",-1.11761020223019
"3020",-1.11761020223019
"3022",-0.208282426641713
"3024",0.529722724560526
"3025",-1.11761020223019
"3026",-1.11761020223019
"3027",-1.11761020223019
"3028",-1.11761020223019
"3031",-1.11761020223019
"3032",-1.11761020223019
"3033",-1.11761020223019
"3035",-1.11761020223019
"3037",-1.11761020223019
"3039",-1.11761020223019
"3040",-1.11761020223019
"3042",-1.11761020223019
"3043",-1.11761020223019
"3046",-1.11761020223019
"3048",-1.11761020223019
"3049",-1.11761020223019
"3050",-1.11761020223019
"3051",-1.11761020223019
"3054",-1.11761020223019
"3055",-1.11761020223019
"3056",-1.11761020223019
"3057",-1.11761020223019
"3058",-1.11761020223019
"3059",-1.11761020223019
"3060",-1.11761020223019
"3061",-1.11761020223019
"3062",-1.11761020223019
"3064",3.24452738791162
"3065",-1.11761020223019
"3066",-1.11761020223019
"3069",-1.11761020223019
"3075",-1.11761020223019
"3076",-1.11761020223019
"3080",-1.11761020223019
"3081",-1.11761020223019
"3082",-1.11761020223019
"3084",-1.11761020223019
"3089",-1.11761020223019
"3090",-1.11761020223019
"3091",-1.01218089491558
"3092",-1.11761020223019
"3094",-1.11761020223019
"3095",-1.11761020223019
"3100",-1.11761020223019
"3101",-1.11761020223019
"3102",-1.11761020223019
"3107",-1.11761020223019
"3108",-1.11761020223019
"3109",-0.485034358342553
"3110",-1.11761020223019
"3112",-1.11761020223019
"3115",-1.11761020223019
"3116",-1.11761020223019
"3120",-1.11761020223019
"3122",-1.11761020223019
"3125",-1.11761020223019
"3126",-1.11761020223019
"3127",-1.11761020223019
"3128",-1.11761020223019
"3130",-1.11761020223019
"3131",-1.11761020223019
"3132",-1.11761020223019
"3133",-1.11761020223019
"3134",-1.11761020223019
"3137",-1.11761020223019
"3138",-1.11761020223019
"3140",-1.11761020223019
"3141",-1.11761020223019
"3144",-1.11761020223019
"3145",-1.11761020223019
"3147",-1.11761020223019
"3153",-1.11761020223019
"3154",-1.11761020223019
"3159",-1.11761020223019
"3160",-1.11761020223019
"3161",-1.11761020223019
"3163",-1.11761020223019
"3164",-1.11761020223019
"3165",-1.11761020223019
"3166",-1.11761020223019
"3167",-1.11761020223019
"3169",-1.11761020223019
"3170",-1.11761020223019
"3172",-1.11761020223019
"3174",-1.11761020223019
"3178",-1.11761020223019
"3179",-1.11761020223019
"3180",-1.11761020223019
"3181",-1.11761020223019
"3183",-1.11761020223019
"3185",-1.11761020223019
"3186",0.0684695050591266
"3189",-1.11761020223019
"3191",-1.11761020223019
"3192",-1.11761020223019
"3193",-1.11761020223019
"3194",-0.722250299800415
"3200",-1.11761020223019
"3203",-1.11761020223019
"3206",-1.11761020223019
"3207",3.8507459049706
"3208",-0.181925099813062
"3212",-0.906751587600975
"3216",-1.11761020223019
"3217",-1.11761020223019
"3219",7.18494774879501
"3222",-1.11761020223019
"3223",-1.11761020223019
"3224",-1.11761020223019
"3227",-1.11761020223019
"3228",-1.11761020223019
"3231",-1.11761020223019
"3233",-1.11761020223019
"3234",1.76851708550714
"3235",-1.11761020223019
"3236",-1.11761020223019
"3237",-1.11761020223019
"3238",-1.11761020223019
"3240",-1.11761020223019
"3243",-1.11761020223019
"3248",-1.11761020223019
"3249",-1.11761020223019
"3251",-1.11761020223019
"3255",-1.11761020223019
"3257",-0.353247724199296
"3258",-1.11761020223019
"3260",-1.11761020223019
"3261",-1.11761020223019
"3262",-1.11761020223019
"3263",-1.11761020223019
"3264",-1.11761020223019
"3267",-1.11761020223019
"3271",-1.11761020223019
"3272",-1.11761020223019
"3273",-1.11761020223019
"3274",-1.11761020223019
"3277",7.64620096829641
"3279",-1.11761020223019
"3281",-1.11761020223019
"3282",-1.11761020223019
"3283",-0.933108914429627
"3287",-1.11761020223019
"3289",-1.11761020223019
"3290",4.50967907568689
"3292",-0.735428963214741
"3293",-0.70907163638609
"3298",-1.11761020223019
"3299",-1.11761020223019
"3300",-0.419141041270924
"3301",-1.11761020223019
"3303",-1.11761020223019
"3305",-1.11761020223019
"3306",-1.11761020223019
"3308",-1.11761020223019
"3311",-1.11761020223019
"3312",-1.11761020223019
"3313",-1.11761020223019
"3315",-1.11761020223019
"3318",-1.11761020223019
"3320",-1.11761020223019
"3321",-1.11761020223019
"3323",-1.11761020223019
"3325",-1.11761020223019
"3332",-1.11761020223019
"3334",-0.946287577843952
"3335",-1.11761020223019
"3336",-1.11761020223019
"3337",-1.11761020223019
"3339",-1.11761020223019
"3342",-0.537749011999856
"3344",-1.11761020223019
"3345",-1.11761020223019
"3346",-1.11761020223019
"3348",-1.11761020223019
"3349",-1.11761020223019
"3351",-1.11761020223019
"3354",-1.11761020223019
"3356",-1.11761020223019
"3358",-1.11761020223019
"3359",-1.11761020223019
"3361",-1.11761020223019
"3362",-1.11761020223019
"3364",-1.11761020223019
"3367",-1.11761020223019
"3371",-1.11761020223019
"3375",-0.695892972971764
"3377",-1.11761020223019
"3380",-1.11761020223019
"3382",-0.933108914429627
"3383",-0.80132228028637
"3386",-1.11761020223019
"3387",-1.11761020223019
"3391",-1.11761020223019
"3392",-0.590463665657158
"3393",-1.11761020223019
"3395",-1.11761020223019
"3398",-1.11761020223019
"3399",-1.11761020223019
"3400",-1.11761020223019
"3401",-1.11761020223019
"3407",-1.11761020223019
"3408",-1.11761020223019
"3409",-1.11761020223019
"3413",-1.11761020223019
"3415",-1.11761020223019
"3416",-1.11761020223019
"3419",-1.11761020223019
"3420",-1.11761020223019
"3422",-1.11761020223019
"3424",-1.11761020223019
"3426",-1.11761020223019
"3430",-1.11761020223019
"3432",-1.11761020223019
"3434",-1.11761020223019
"3438",-1.11761020223019
"3439",-1.11761020223019
"3440",-1.11761020223019
"3441",-1.11761020223019
"3446",-1.11761020223019
"3447",-1.11761020223019
"3449",-1.11761020223019
"3452",-0.0106024754268275
"3456",-1.11761020223019
"3458",-1.11761020223019
"3461",-1.11761020223019
"3465",-1.11761020223019
"3466",-1.11761020223019
"3467",-1.11761020223019
"3468",-1.11761020223019
"3472",-1.11761020223019
"3473",-1.11761020223019
"3480",-1.11761020223019
"3483",-1.11761020223019
"3486",-1.11761020223019
"3487",4.24610580740037
"3489",-1.11761020223019
"3490",-1.11761020223019
"3491",-1.11761020223019
"3494",-1.11761020223019
"3498",-1.11761020223019
"3504",-1.11761020223019
"3505",3.31042070498325
"3506",-1.11761020223019
"3507",-0.70907163638609
"3508",0.463829407488898
"3511",-1.11761020223019
"3513",-1.11761020223019
"3515",-1.11761020223019
"3516",-1.11761020223019
"3517",-1.11761020223019
"3519",-0.761786290043393
"3521",-1.11761020223019
"3522",-1.11761020223019
"3523",-1.11761020223019
"3524",-1.11761020223019
"3527",-0.485034358342553
"3530",-1.11761020223019
"3531",-1.11761020223019
"3532",-1.11761020223019
"3533",-1.11761020223019
"3537",-1.11761020223019
"3538",-1.11761020223019
"3540",-1.11761020223019
"3541",-1.11761020223019
"3542",-1.11761020223019
"3546",-1.11761020223019
"3550",-0.70907163638609
"3551",-1.11761020223019
"3552",-1.11761020223019
"3555",-1.11761020223019
"3556",-1.11761020223019
"3557",-1.11761020223019
"3561",-1.11761020223019
"3562",-1.11761020223019
"3567",-1.11761020223019
"3569",-1.11761020223019
"3571",-1.11761020223019
"3572",-0.550927675414181
"3573",-1.11761020223019
"3574",-0.537749011999856
"3578",-1.11761020223019
"3583",-1.11761020223019
"3586",-1.11761020223019
"3587",-1.11761020223019
"3593",-1.11761020223019
"3596",-1.11761020223019
"3597",-1.11761020223019
"3598",-1.11761020223019
"3601",-1.11761020223019
"3605",-1.11761020223019
"3606",-1.11761020223019
"3607",-1.11761020223019
"3608",-1.11761020223019
"3609",-1.11761020223019
"3611",-1.11761020223019
"3612",-1.11761020223019
"3613",-1.11761020223019
"3615",-1.11761020223019
"3617",-1.11761020223019
"3619",-1.11761020223019
"3622",-1.11761020223019
"3623",-1.11761020223019
"3624",-1.11761020223019
"3625",-1.11761020223019
"3627",-1.11761020223019
"3628",-1.11761020223019
"3629",-1.11761020223019
"3632",-1.11761020223019
"3633",-1.11761020223019
"3634",-1.11761020223019
"3636",-1.11761020223019
"3637",-1.11761020223019
"3638",-1.11761020223019
"3639",-1.11761020223019
"3640",-1.11761020223019
"3641",-1.11761020223019
"3642",-1.11761020223019
"3643",-1.11761020223019
"3646",-1.11761020223019
"3649",-1.11761020223019
"3652",-1.11761020223019
"3653",-1.11761020223019
"3654",-1.11761020223019
"3655",-1.11761020223019
"3657",-1.11761020223019
"3658",-1.11761020223019
"3659",-1.11761020223019
"3661",-1.11761020223019
"3662",-1.11761020223019
"3663",-1.11761020223019
"3665",-1.11761020223019
"3666",-1.11761020223019
"3668",-1.11761020223019
"3669",-1.11761020223019
"3676",-1.11761020223019
"3677",-1.11761020223019
"3678",-1.11761020223019
"3680",-1.11761020223019
"3681",-1.11761020223019
"3682",-1.11761020223019
"3683",-1.11761020223019
"3684",-1.11761020223019
"3686",-1.11761020223019
"3688",-1.11761020223019
"3693",-1.11761020223019
"3694",-1.11761020223019
"3695",-1.11761020223019
"3696",-1.11761020223019
"3698",-1.11761020223019
"3700",-1.11761020223019
"3702",-1.11761020223019
"3705",-1.11761020223019
"3706",-1.11761020223019
"3707",-0.695892972971764
"3708",-0.80132228028637
"3710",-1.11761020223019
"3711",-1.11761020223019
"3713",-1.11761020223019
"3714",-1.11761020223019
"3716",-1.11761020223019
"3720",-1.02535955832991
"3722",-1.11761020223019
"3723",-1.11761020223019
"3724",-1.11761020223019
"3725",-1.11761020223019
"3727",-1.11761020223019
"3728",-1.11761020223019
"3729",-1.11761020223019
"3731",-1.11761020223019
"3732",-1.11761020223019
"3734",-1.11761020223019
"3736",-1.11761020223019
"3739",-1.11761020223019
"3740",-1.11761020223019
"3745",-1.11761020223019
"3746",-1.11761020223019
"3747",-1.11761020223019
"3748",-1.11761020223019
"3749",-1.11761020223019
"3751",-1.11761020223019
"3752",-1.11761020223019
"3753",-1.11761020223019
"3755",-1.11761020223019
"3756",-1.11761020223019
"3757",-1.11761020223019
"3758",-0.629999655900136
"3759",-1.11761020223019
"3760",-1.11761020223019
"3762",-1.11761020223019
"3763",-1.11761020223019
"3769",-1.11761020223019
"3770",-1.11761020223019
"3772",-1.11761020223019
"3774",-1.11761020223019
"3775",-1.11761020223019
"3778",-1.11761020223019
"3781",-1.11761020223019
"3782",-1.11761020223019
"3783",-1.11761020223019
"3784",-1.11761020223019
"3788",-1.11761020223019
"3789",-1.11761020223019
"3791",-1.11761020223019
"3792",-1.11761020223019
"3793",-1.11761020223019
"3795",-1.11761020223019
"3797",-1.11761020223019
"3798",-1.11761020223019
"3799",-1.11761020223019
"3803",-1.11761020223019
"3804",-1.11761020223019
"3805",-1.11761020223019
"3806",-1.11761020223019
"3807",-1.11761020223019
"3810",-1.11761020223019
"3811",-1.11761020223019
"3812",-1.11761020223019
"3813",-1.11761020223019
"3815",-1.11761020223019
"3819",-1.11761020223019
"3821",-1.11761020223019
"3823",-1.11761020223019
"3824",-1.11761020223019
"3826",-1.11761020223019
"3827",-0.906751587600975
"3828",-1.11761020223019
"3829",-1.11761020223019
"3830",-1.11761020223019
"3833",-1.11761020223019
"3836",-1.11761020223019
"3838",-1.11761020223019
"3840",-0.52457034858553
"3843",-1.11761020223019
"3845",-1.11761020223019
"3846",-1.11761020223019
"3848",-1.11761020223019
"3849",-1.11761020223019
"3850",-1.11761020223019
"3851",-1.11761020223019
"3855",-1.11761020223019
"3856",-1.11761020223019
"3863",-1.11761020223019
"3865",-1.11761020223019
"3868",1.25454921234844
"3870",-1.11761020223019
"3873",7.46169968049585
"3875",-1.11761020223019
"3877",-1.11761020223019
"3880",-1.11761020223019
"3882",-1.11761020223019
"3883",-1.11761020223019
"3885",-1.11761020223019
"3891",-1.11761020223019
"3892",-1.11761020223019
"3893",-1.11761020223019
"3894",-1.11761020223019
"3895",-1.11761020223019
"3896",-1.11761020223019
"3898",-1.11761020223019
"3902",-1.11761020223019
"3904",-1.11761020223019
"3906",-0.735428963214741
"3907",-1.11761020223019
"3908",-1.11761020223019
"3909",-1.11761020223019
"3911",0.0157548514018238
"3913",-1.11761020223019
"3916",-1.11761020223019
"3922",-1.11761020223019
"3926",-0.867215597357998
"3928",-0.98582356808693
"3929",-1.11761020223019
"3931",-1.11761020223019
"3932",-1.11761020223019
"3933",-1.11761020223019
"3937",-0.603642329071484
"3938",-1.11761020223019
"3941",-1.11761020223019
"3942",-1.11761020223019
"3945",-1.11761020223019
"3946",1.70262376843551
"3949",-1.11761020223019
"3953",-1.11761020223019
"3957",-1.11761020223019
"3959",-1.11761020223019
"3960",-1.11761020223019
"3961",-1.11761020223019
"3962",-1.11761020223019
"3963",-1.11761020223019
"3964",-1.11761020223019
"3965",-1.11761020223019
"3966",-1.11761020223019
"3967",-1.11761020223019
"3969",-1.11761020223019
"3970",-1.11761020223019
"3971",-1.11761020223019
"3973",-1.11761020223019
"3975",-1.11761020223019
"3976",-1.11761020223019
"3980",-1.11761020223019
"3983",-1.11761020223019
"3984",-1.11761020223019
"3986",-1.11761020223019
"3992",-1.11761020223019
"3995",-1.11761020223019
"3998",-1.11761020223019
"3999",-1.11761020223019
"4000",-0.537749011999856
"4002",-1.11761020223019
"4005",-1.11761020223019
"4006",-1.11761020223019
"4008",-1.11761020223019
"4009",-1.11761020223019
"4010",-1.11761020223019
"4011",-1.11761020223019
"4017",-1.11761020223019
"4019",-0.70907163638609
"4021",-1.11761020223019
"4022",-1.11761020223019
"4024",-1.11761020223019
"4028",-0.814500943700695
"4029",-1.11761020223019
"4030",-1.11761020223019
"4031",-1.11761020223019
"4033",-1.11761020223019
"4035",-1.11761020223019
"4036",-1.11761020223019
"4040",-1.11761020223019
"4041",-1.11761020223019
"4042",-1.11761020223019
"4044",-1.11761020223019
"4049",-1.11761020223019
"4050",-1.11761020223019
"4053",-1.11761020223019
"4055",-1.11761020223019
"4058",-1.11761020223019
"4059",-1.11761020223019
"4061",-1.11761020223019
"4062",-1.11761020223019
"4065",-0.61682099248581
"4068",-1.11761020223019
"4070",-1.11761020223019
"4071",-1.11761020223019
"4072",-1.11761020223019
"4073",-1.11761020223019
"4074",-1.11761020223019
"4075",-1.11761020223019
"4076",-1.11761020223019
"4079",-1.11761020223019
"4081",-1.11761020223019
"4083",-1.11761020223019
"4084",-1.11761020223019
"4085",-1.11761020223019
"4088",-1.11761020223019
"4089",-1.11761020223019
"4090",1.47858649039198
"4091",-1.11761020223019
"4092",0.9777972806476
"4093",-1.11761020223019
"4095",-1.11761020223019
"4098",-1.11761020223019
"4100",-1.11761020223019
"4101",-1.11761020223019
"4103",-1.11761020223019
"4106",-1.11761020223019
"4108",0.437472080660246
"4109",-1.11761020223019
"4111",-1.11761020223019
"4112",-1.11761020223019
"4117",-1.11761020223019
"4118",-1.11761020223019
"4119",-1.11761020223019
"4120",-1.11761020223019
"4121",-1.11761020223019
"4123",-1.11761020223019
"4128",-1.11761020223019
"4129",-1.11761020223019
"4132",-1.11761020223019
"4133",-1.11761020223019
"4135",-1.11761020223019
"4137",-1.11761020223019
"4139",1.66308777819254
"4143",-1.11761020223019
"4144",-1.11761020223019
"4146",-1.11761020223019
"4147",-1.11761020223019
"4149",-1.11761020223019
"4150",-1.11761020223019
"4151",-1.11761020223019
"4152",-1.11761020223019
"4153",-1.11761020223019
"4158",-1.11761020223019
"4161",-1.11761020223019
"4162",-1.11761020223019
"4163",-1.11761020223019
"4165",-1.11761020223019
"4172",-1.11761020223019
"4176",-1.11761020223019
"4178",-1.11761020223019
"4179",-1.11761020223019
"4180",-1.11761020223019
"4181",-1.11761020223019
"4183",-1.11761020223019
"4186",-1.11761020223019
"4187",-1.11761020223019
"4193",-1.11761020223019
"4194",-1.11761020223019
"4195",-1.11761020223019
"4197",-1.11761020223019
"4198",-1.11761020223019
"4199",10.1765043438469
"4202",-1.11761020223019
"4203",-1.11761020223019
"4206",1.25454921234844
"4207",3.19181273425432
"4212",-1.11761020223019
"4214",-1.11761020223019
"4215",-1.11761020223019
"4218",-1.11761020223019
"4223",-1.11761020223019
"4231",-1.11761020223019
"4232",-1.11761020223019
"4235",-1.11761020223019
"4236",-1.11761020223019
"4237",-1.11761020223019
"4240",-1.11761020223019
"4242",-1.11761020223019
"4243",-1.11761020223019
"4247",-1.11761020223019
"4248",-1.11761020223019
"4249",-1.11761020223019
"4250",-1.11761020223019
"4251",-1.11761020223019
"4252",-1.11761020223019
"4253",-1.11761020223019
"4254",-1.11761020223019
"4259",0.701045348946761
"4260",-1.11761020223019
"4261",-1.11761020223019
"4263",-1.11761020223019
"4264",-1.11761020223019
"4266",-1.11761020223019
"4267",-1.11761020223019
"4268",-1.11761020223019
"4269",-1.11761020223019
"4270",-1.11761020223019
"4271",-1.11761020223019
"4272",-1.11761020223019
"4273",-1.11761020223019
"4274",-1.11761020223019
"4275",-1.11761020223019
"4277",-1.11761020223019
"4278",-1.11761020223019
"4280",-1.11761020223019
"4282",-1.11761020223019
"4285",0.226613466031035
"4286",-1.11761020223019
"4289",-1.11761020223019
"4291",-1.11761020223019
"4293",-1.11761020223019
"4294",-1.11761020223019
"4295",-1.11761020223019
"4296",-1.11761020223019
"4297",-1.11761020223019
"4300",-1.11761020223019
"4302",-1.11761020223019
"4304",-1.11761020223019
"4305",-1.11761020223019
"4306",-1.11761020223019
"4310",-1.11761020223019
"4311",-1.11761020223019
"4312",-1.11761020223019
"4313",-1.11761020223019
"4314",-1.11761020223019
"4317",-1.11761020223019
"4319",-1.11761020223019
"4321",-1.11761020223019
"4323",-1.11761020223019
"4324",-1.11761020223019
"4325",-1.11761020223019
"4326",-0.405962377856599
"4329",-1.11761020223019
"4331",-1.11761020223019
"4332",-1.11761020223019
"4333",-1.11761020223019
"4335",-1.11761020223019
"4336",1.57083713429226
"4340",-1.11761020223019
"4342",-1.11761020223019
"4343",-1.11761020223019
"4349",-1.11761020223019
"4353",-0.485034358342553
"4355",-1.11761020223019
"4359",-1.11761020223019
"4360",-1.11761020223019
"4361",-1.11761020223019
"4364",-1.11761020223019
"4366",-1.11761020223019
"4367",-1.11761020223019
"4368",-1.11761020223019
"4369",-1.11761020223019
"4370",-1.11761020223019
"4371",-1.11761020223019
"4373",-1.11761020223019
"4374",-1.11761020223019
"4375",-1.11761020223019
"4376",-1.11761020223019
"4380",-1.11761020223019
"4381",1.14911990503383
"4383",-1.11761020223019
"4386",-1.11761020223019
"4388",0.503365397731875
"4391",-1.11761020223019
"4394",-1.11761020223019
"4395",-1.11761020223019
"4396",-1.11761020223019
"4399",-1.11761020223019
"4400",-1.11761020223019
"4401",-1.11761020223019
"4402",-1.11761020223019
"4403",-1.11761020223019
"4404",-1.11761020223019
"4406",-1.11761020223019
"4407",-1.11761020223019
"4408",-1.11761020223019
"4411",-1.11761020223019
"4412",-1.11761020223019
"4416",1.83441040257877
"4422",-1.11761020223019
"4424",-1.11761020223019
"4425",-1.11761020223019
"4427",-1.11761020223019
"4428",-1.11761020223019
"4429",-1.11761020223019
"4430",-1.11761020223019
"4431",-1.11761020223019
"4434",-1.11761020223019
"4435",-1.11761020223019
"4437",-1.11761020223019
"4439",-1.11761020223019
"4441",-1.11761020223019
"4442",-1.11761020223019
"4446",-0.959466241258278
"4449",-1.11761020223019
"4451",-1.11761020223019
"4452",-1.11761020223019
"4453",-1.11761020223019
"4456",-1.11761020223019
"4457",-1.11761020223019
"4464",-1.11761020223019
"4467",-1.11761020223019
"4469",-1.11761020223019
"4476",-1.11761020223019
"4477",-1.11761020223019
"4481",-1.11761020223019
"4482",-1.11761020223019
"4485",-1.11761020223019
"4488",-1.11761020223019
"4489",-1.11761020223019
"4492",-1.11761020223019
"4495",-1.11761020223019
"4496",-1.11761020223019
"4497",-1.11761020223019
"4500",-1.11761020223019
"4502",-1.11761020223019
"4504",-1.11761020223019
"4507",-1.11761020223019
"4510",-1.11761020223019
"4512",-1.11761020223019
"4514",-1.11761020223019
"4518",-1.11761020223019
"4530",-1.11761020223019
"4531",-1.11761020223019
"4533",-1.11761020223019
"4535",-1.11761020223019
"4536",-1.11761020223019
"4537",-1.11761020223019
"4539",-1.11761020223019
"4540",-1.11761020223019
"4541",-1.11761020223019
"4543",-1.11761020223019
"4544",-1.11761020223019
"4545",-1.11761020223019
"4546",-1.11761020223019
"4547",-1.11761020223019
"4548",-1.11761020223019
"4549",-1.11761020223019
"4551",-1.11761020223019
"4552",-1.11761020223019
"4557",-1.11761020223019
"4559",-1.01218089491558
"4560",-1.11761020223019
"4561",-1.11761020223019
"4563",-1.11761020223019
"4564",-1.11761020223019
"4566",-1.11761020223019
"4568",-1.11761020223019
"4570",-1.11761020223019
"4571",0.0289335148161496
"4572",-1.11761020223019
"4574",-1.11761020223019
"4579",-1.11761020223019
"4580",-1.11761020223019
"4581",-1.11761020223019
"4582",-1.11761020223019
"4587",-1.11761020223019
"4589",-1.11761020223019
"4590",-1.11761020223019
"4591",-1.11761020223019
"4592",-1.11761020223019
"4595",-1.11761020223019
"4598",-1.11761020223019
"4601",-1.11761020223019
